community_url,community_name,member_count,Id
thyroiduk,Thyroid UK,168733.0,thyroiduk_co-occurrence
couchto5k,Couch to,159886.0,couchto5k_co-occurrence
anxiety-depression-support,Anxiety and Depression Support,88818.0,anxiety-depression-support_co-occurrence
asthmalunguk-lung,Lung Conditions Community Forum,67506.0,asthmalunguk-lung_co-occurrence
fibromyalgia-action-uk,Fibromyalgia Action UK,67449.0,fibromyalgia-action-uk_co-occurrence
fertility-network-uk,Fertility Network UK,60497.0,fertility-network-uk_co-occurrence
endometriosis-uk,Endometriosis UK,53887.0,endometriosis-uk_co-occurrence
anxietysupport,Anxiety Support,49558.0,anxietysupport_co-occurrence
nras,NRAS,46619.0,nras_co-occurrence
pmrgcauk,PMRGCAuk,41614.0,pmrgcauk_co-occurrence
cllsupport,CLL Support,40649.0,cllsupport_co-occurrence
afassociation,Atrial Fibrillation Support,39650.0,afassociation_co-occurrence
bhf,British Heart Foundation,35558.0,bhf_co-occurrence
nosmokingday,No Smoking Day,32495.0,nosmokingday_co-occurrence
quitsupport,Quit Support,30561.0,quitsupport_co-occurrence
lupusuk,LUPUS UK,28837.0,lupusuk_co-occurrence
advanced-prostate-cancer,Advanced Prostate Cancer,28798.0,advanced-prostate-cancer_co-occurrence
bridgeto10k,Bridge to,26817.0,bridgeto10k_co-occurrence
asthmalunguk-asthma,Asthma Community Forum,25092.0,asthmalunguk-asthma_co-occurrence
pasoc,Pernicious Anaemia Society,24457.0,pasoc_co-occurrence
britishlivertrust,British Liver Trust,19073.0,britishlivertrust_co-occurrence
theibsnetwork,IBS Network,16340.0,theibsnetwork_co-occurrence
healmyptsd,Heal My PTSD,12792.0,healmyptsd_co-occurrence
painconcern,Pain Concern,12190.0,painconcern_co-occurrence
diabetesindia,Diabetes India,12107.0,diabetesindia_co-occurrence
hughes-syndrome,Hughes Syndrome APS Forum,10649.0,hughes-syndrome_co-occurrence
menshealth-penishealth,Men's Health Forum (Penis Health),9139.0,menshealth-penishealth_co-occurrence
pbc-foundation,PBC Foundation,8523.0,pbc-foundation_co-occurrence
adhd-parents,CHADD's ADHD Parents Together,6541.0,adhd-parents_co-occurrence
adult-adhd,CHADD's Adult ADHD Support,6368.0,adult-adhd_co-occurrence
tinnitus-uk,Tinnitus UK,5616.0,tinnitus-uk_co-occurrence
nkf-ckd,Kidney Disease,5304.0,nkf-ckd_co-occurrence
ataxia-uk,Ataxia UK,4708.0,ataxia-uk_co-occurrence
menshealth,Men's Health Forum,4668.0,menshealth_co-occurrence
glutenfreeguerrillas,Gluten Free Guerrillas,4439.0,glutenfreeguerrillas_co-occurrence
behcetsuk,Behçet's UK,4412.0,behcetsuk_co-occurrence
womenshealth,Women's Health,4181.0,womenshealth_co-occurrence
lungcancer,The Roy Castle Lung Cancer Foundation,3592.0,lungcancer_co-occurrence
livingwithanxiety,Living with Anxiety,3328.0,livingwithanxiety_co-occurrence
bonehealth,Bone Health and Osteoporosis UK,3034.0,bonehealth_co-occurrence
eric,ERIC,3021.0,eric_co-occurrence
early-ckd-support,Early CKD Support,2783.0,early-ckd-support_co-occurrence
app-network,Action on Postpartum Psychosis,2730.0,app-network_co-occurrence
migrainecentre,National Migraine Centre,2704.0,migrainecentre_co-occurrence
lsn,LSN,2679.0,lsn_co-occurrence
cholesterol-support,Cholesterol Support,2651.0,cholesterol-support_co-occurrence
macularsociety,Macular Society,2646.0,macularsociety_co-occurrence
icusteps,ICUsteps,2515.0,icusteps_co-occurrence
active10,Active,2446.0,active10_co-occurrence
care-community,Care Community,2372.0,care-community_co-occurrence
lung-cancer-support,Lung Cancer Support,2224.0,lung-cancer-support_co-occurrence
arthritis-action,Arthritis Action,2183.0,arthritis-action_co-occurrence
glaucoma-uk,Glaucoma UK,2179.0,glaucoma-uk_co-occurrence
meningitisnow,Meningitis Now,2133.0,meningitisnow_co-occurrence
itpsupport,ITP Support Association,2123.0,itpsupport_co-occurrence
my-skin,MY SKIN,1941.0,my-skin_co-occurrence
crohns-colitis-support,Crohn's and Colitis Support,1771.0,crohns-colitis-support_co-occurrence
drwfdiabetes,Diabetes Research & Wellness Foundation,1606.0,drwfdiabetes_co-occurrence
above-beyond,Above & Beyond - Mental Health,1540.0,above-beyond_co-occurrence
blood-pressure-support,High Blood Pressure Support,1539.0,blood-pressure-support_co-occurrence
copd-friends,COPD Friends,1473.0,copd-friends_co-occurrence
fight-prostate-cancer,Fight Prostate Cancer,1388.0,fight-prostate-cancer_co-occurrence
fertility-ivf,"Fertility, Miscarriage & IVF Support",1381.0,fertility-ivf_co-occurrence
anticoagulation-support,Anticoagulation Support,1377.0,anticoagulation-support_co-occurrence
diabeteshelp,Diabetes & Hypertension Help Society,1353.0,diabeteshelp_co-occurrence
lupus-support,LUpus Patients Understanding and Support,1292.0,lupus-support_co-occurrence
ansiedad-depresion-apoyo,Apoyo para Ansiedad y Depresion,1286.0,ansiedad-depresion-apoyo_co-occurrence
fertility-network-uk-pregnancy,Fertility Network UK - Pregnancy Support,1234.0,fertility-network-uk-pregnancy_co-occurrence
hepatitisfoundation,HFI Connect - Hepatitis,1215.0,hepatitisfoundation_co-occurrence
amneasier,AMN EASIER,1185.0,amneasier_co-occurrence
edsuk,The Ehlers-Danlos Support UK,946.0,edsuk_co-occurrence
acoustic-neuroma-support,Acoustic Neuroma Support,940.0,acoustic-neuroma-support_co-occurrence
osteoporosis-support,Osteoporosis Support,902.0,osteoporosis-support_co-occurrence
leukaemia-support,Leukaemia Support,808.0,leukaemia-support_co-occurrence
changingfaces,Changing Faces,760.0,changingfaces_co-occurrence
hivpartners,HIV Partners,759.0,hivpartners_co-occurrence
sca-heart-attack,Sudden Cardiac Arrest & Heart Attack,758.0,sca-heart-attack_co-occurrence
livingwithasthma,Living with Asthma,751.0,livingwithasthma_co-occurrence
drink-free,Drink Free,685.0,drink-free_co-occurrence
tourettes-action,Tourettes Action,680.0,tourettes-action_co-occurrence
cmtuk,Charcot-Marie-Tooth UK,667.0,cmtuk_co-occurrence
opa-gord,Acid Reflux Support,659.0,opa-gord_co-occurrence
fasd-support,FASD Support,636.0,fasd-support_co-occurrence
fungalinfectiontrust,Aspergillosis and Rare Fungal Infection Support,561.0,fungalinfectiontrust_co-occurrence
oa-action,Osteoarthritis Action,561.0,oa-action_co-occurrence
menopause-perimenopause-support,Menopause and Perimenopause Support,554.0,menopause-perimenopause-support_co-occurrence
myositisuk,Myositis UK,543.0,myositisuk_co-occurrence
sicklecellsociety,Sickle Cell Society,521.0,sicklecellsociety_co-occurrence
dialysis-support,Dialysis Support,516.0,dialysis-support_co-occurrence
erectile-dysfunction-support,Erectile Dysfunction Support,508.0,erectile-dysfunction-support_co-occurrence
baby-and-us,Baby and Us,507.0,baby-and-us_co-occurrence
beyond-psoriasis,Beyond Psoriasis,507.0,beyond-psoriasis_co-occurrence
migraine-support,Migraine Support,503.0,migraine-support_co-occurrence
cll-america-support,CLL America Support,478.0,cll-america-support_co-occurrence
hep-c-trust,Hepatitis C Trust,468.0,hep-c-trust_co-occurrence
differentstrokes,Different Strokes,467.0,differentstrokes_co-occurrence
bronchiectasis-support,Bronchiectasis Support,452.0,bronchiectasis-support_co-occurrence
arrhythmia-alliance-heart-failure,Heart Failure Support,449.0,arrhythmia-alliance-heart-failure_co-occurrence
sensitiveissuesmen,Sensitive Issues for Men,441.0,sensitiveissuesmen_co-occurrence
tb-alert,TB Alert,419.0,tb-alert_co-occurrence
transplant-support,Kidney Transplant Patient Support,395.0,transplant-support_co-occurrence
active-surveillance-prostate,Active Surveillance - Prostate Cancer,388.0,active-surveillance-prostate_co-occurrence
alzheimer-support,Memory Health: Alzheimer's Support Group,385.0,alzheimer-support_co-occurrence
one-norfolk-parents,Ask Norfolk Parents,384.0,one-norfolk-parents_co-occurrence
melanomacaregivers,Melanoma Caregivers,381.0,melanomacaregivers_co-occurrence
brain-aneurysm-support,Brain Aneurysm Support,370.0,brain-aneurysm-support_co-occurrence
bowel-disease-support,Bowel Disease Support,369.0,bowel-disease-support_co-occurrence
actiononpain,Action on Pain,366.0,actiononpain_co-occurrence
continencesupport,Continence Support,365.0,continencesupport_co-occurrence
pancreatitis-support,Chronic Pancreatitis Support,362.0,pancreatitis-support_co-occurrence
fightbladdercancer,Fight Bladder Cancer,360.0,fightbladdercancer_co-occurrence
hep-c-support,Hepatitis C Support,359.0,hep-c-support_co-occurrence
arrhythmia-alliance-svt,Supraventricular Tachycardia Support,329.0,arrhythmia-alliance-svt_co-occurrence
alopeciauk,Alopecia UK,312.0,alopeciauk_co-occurrence
diabetes-support,Diabetes Support,310.0,diabetes-support_co-occurrence
liver4life,Liver,308.0,liver4life_co-occurrence
pcdsupport,PCD Family Support Group (UK),302.0,pcdsupport_co-occurrence
graves-disease-support,Graves Disease Support,296.0,graves-disease-support_co-occurrence
pbcers,PBCers Organization,294.0,pbcers_co-occurrence
dentistry-health-support,Dentistry Health Support,279.0,dentistry-health-support_co-occurrence
fight-mpn,Fight MPN,269.0,fight-mpn_co-occurrence
colostomy-care,Living with a Stoma,266.0,colostomy-care_co-occurrence
efa,EFA,264.0,efa_co-occurrence
pkdcharity-autosomaldominant,PKD Charity for Autosomal Dominant PKD,263.0,pkdcharity-autosomaldominant_co-occurrence
ukmasto,The UK Mastocytosis Support Group,255.0,ukmasto_co-occurrence
meningioma-support,Meningioma Support,236.0,meningioma-support_co-occurrence
nkf-parents,Parents of Children with Kidney Disease,233.0,nkf-parents_co-occurrence
livingwellwithhiv,Living Well with HIV,233.0,livingwellwithhiv_co-occurrence
glioblastoma-support,Glioblastoma Support,216.0,glioblastoma-support_co-occurrence
blog,HealthUnlocked Blog,205.0,blog_co-occurrence
sjogrens-support,Sjogren's Support,200.0,sjogrens-support_co-occurrence
bws-support,BWS Support,198.0,bws-support_co-occurrence
deafplus,deafPLUS,197.0,deafplus_co-occurrence
dystoniasociety,Dystonia Society,195.0,dystoniasociety_co-occurrence
fertility-road,"Fertility Road Mind, Body & Wellbeing",191.0,fertility-road_co-occurrence
adenomyosisadviceassociation,Adenomyosis Advice Association,162.0,adenomyosisadviceassociation_co-occurrence
epilepsysociety,Epilepsy Society,150.0,epilepsysociety_co-occurrence
heart-valve-voice,Heart Valve Voice,148.0,heart-valve-voice_co-occurrence
haemochromatosis-uk,Haemochromatosis Society UK,140.0,haemochromatosis-uk_co-occurrence
hearinglink,Hearing Link,137.0,hearinglink_co-occurrence
quit4life,Quit,133.0,quit4life_co-occurrence
the-endometriosis-foundation,The Endometriosis Foundation,131.0,the-endometriosis-foundation_co-occurrence
youngadultswithmelanoma,Young Adults with Melanoma,127.0,youngadultswithmelanoma_co-occurrence
sclc-go2,Small Cell Lung Cancer Support,123.0,sclc-go2_co-occurrence
cavernoma-uk,Cavernoma Alliance UK,119.0,cavernoma-uk_co-occurrence
allergic-to-glycols,Allergic to Glycols,117.0,allergic-to-glycols_co-occurrence
adult-acne-support,Adult Acne Support,111.0,adult-acne-support_co-occurrence
fpa-contraception,FPA Contraception,111.0,fpa-contraception_co-occurrence
sicklecelldisease,Living with Sickle Cell Disease,108.0,sicklecelldisease_co-occurrence
fierybones-ra,FieryBones - RA Community,106.0,fierybones-ra_co-occurrence
mga,Myasthenia Gravis Association,95.0,mga_co-occurrence
c3g,C,95.0,c3g_co-occurrence
pagets-support,Paget’s Support,90.0,pagets-support_co-occurrence
living-with-lyme-disease-uk,Living with Lyme Disease UK,73.0,living-with-lyme-disease-uk_co-occurrence
endometriosis-nz,Endometriosis New Zealand,69.0,endometriosis-nz_co-occurrence
chronic-myofascial-pain,Chronic Myofascial Pain,53.0,chronic-myofascial-pain_co-occurrence
living-with-ild,Living with Interstitial Lung Disease (ILD),49.0,living-with-ild_co-occurrence
myelomauk,Myeloma UK,47.0,myelomauk_co-occurrence
mamafit,Mamafit,44.0,mamafit_co-occurrence
partnersforbehcets,Partners for Behcet's,43.0,partnersforbehcets_co-occurrence
downs-support,Down's Syndrome Support,43.0,downs-support_co-occurrence
cancer-journeys-foundation,Cancer Journeys Foundation,42.0,cancer-journeys-foundation_co-occurrence
livernorth,LIVErNORTH,41.0,livernorth_co-occurrence
mydirectives,MyDirectives: Make your medical wishes known!,40.0,mydirectives_co-occurrence
pseudomyxoma-survivor,Pseudomyxoma Survivor,40.0,pseudomyxoma-survivor_co-occurrence
cookforyourlife,Cook For Your Life,29.0,cookforyourlife_co-occurrence
demo-community,Demo Community,27.0,demo-community_co-occurrence
dc-action,DC Action,21.0,dc-action_co-occurrence
apma,Australian Pain Management Association,20.0,apma_co-occurrence
crohnscolitis,Crohn's & Colitis,6.0,crohnscolitis_co-occurrence
barretts-oesophagus,Barrett's Oesophagus,5.0,barretts-oesophagus_co-occurrence
